X,Y,OBJECTID,Name,County,Latitude,Longitude,Status,Date_Data_Refers_To,Comments,Source,Last_Modified_Date,ID,DWR_Regional_Office_,Elevation,Connect,Disconnect,Last_Modified_By
-119.732000000357,36.8139999997478,1,Fresno/F.S.U. USDA,Fresno,36.814,-119.732,Inactive,2023/02/08 00:00:00+00,,"CIMIS, DWR",2023/02/09 00:00:00+00,1,SCRO,340,1982/06/07 00:00:00+00,9/25/1988,"AU, GDSS"
-120.112905999817,36.3362220000584,2,Five Points  ,Fresno,36.336222,-120.112906,Active,2023/02/08 00:00:00+00,,"CIMIS, DWR",2023/02/09 00:00:00+00,2,SCRO,285,1982/06/07 00:00:00+00,Active,"AU, GDSS"
-121.793000000133,36.8810000002272,3,Beach /Santa Cruz CO,Santa Cruz,36.881,-121.793,Inactive,2023/02/08 00:00:00+00,,"CIMIS, DWR",2023/02/09 00:00:00+00,3,SCRO,10,1982/05/30 00:00:00+00,8/25/1986,"AU, GDSS"
-121.725999999982,36.971999999767,4,Webb /Santa Cruz CO,Santa Cruz,36.972,-121.726,Inactive,2023/02/08 00:00:00+00,,"CIMIS, DWR",2023/02/09 00:00:00+00,4,SCRO,230,1982/05/30 00:00:00+00,4/29/1988,"AU, GDSS"
-119.281861999878,35.5326950000692,5,Shafter/USDA,Kern,35.532695,-119.281862,Active,2023/02/08 00:00:00+00,,"CIMIS, DWR",2023/02/09 00:00:00+00,5,SCRO,360,1982/06/01 00:00:00+00,Active,"AU, GDSS"
-121.77638499959,38.5357939997553,6,Davis,Yolo,38.535794,-121.776385,Active,2023/02/08 00:00:00+00,,"CIMIS, DWR",2023/02/09 00:00:00+00,6,NCRO,60,1982/07/17 00:00:00+00,Active,"AU, GDSS"
-120.590980000343,36.8512480000742,7,Firebaugh/Telles,Fresno,36.851248,-120.59098,Active,2023/02/08 00:00:00+00,,"CIMIS, DWR",2023/02/09 00:00:00+00,7,SCRO,185,1982/09/22 00:00:00+00,Active,"AU, GDSS"
-122.165407999888,40.0440649999766,8,Gerber,Tehama,40.044065,-122.165408,Inactive,2023/02/08 00:00:00+00,,"CIMIS, DWR",2023/02/09 00:00:00+00,8,NRO,250,1982/09/22 00:00:00+00,8/14/2014,"AU, GDSS"
-118.89400000022,35.2379999997969,9,Lamont,Kern,35.238,-118.894,Inactive,2023/02/08 00:00:00+00,,"CIMIS, DWR",2023/02/09 00:00:00+00,9,SCRO,406,1982/09/29 00:00:00+00,4/10/1989,"AU, GDSS"
-119.082211000385,35.0772219999634,10,Bakersfield/Greenlee,Kern,35.077222,-119.082211,Inactive,2023/02/08 00:00:00+00,,"CIMIS, DWR",2023/02/09 00:00:00+00,10,SCRO,400,1982/10/01 00:00:00+00,4/16/1986,"AU, GDSS"
-119.180999999702,35.1600000002761,11,Bakersfield/Bonanza,Kern,35.16,-119.181,Inactive,2023/02/08 00:00:00+00,,"CIMIS, DWR",2023/02/09 00:00:00+00,11,SCRO,290,1982/09/29 00:00:00+00,4/17/1986,"AU, GDSS"
-121.824430999997,39.6086390001922,12,Durham,Butte,39.608639,-121.824431,Active,2023/02/08 00:00:00+00,,"CIMIS, DWR",2023/02/09 00:00:00+00,12,NRO,130,1982/10/19 00:00:00+00,Active,"AU, GDSS"
-120.733869999988,38.7523069996846,13,Camino,El Dorado,38.752307,-120.73387,Active,2023/02/08 00:00:00+00,,"CIMIS, DWR",2023/02/09 00:00:00+00,13,NCRO,2780,1982/10/19 00:00:00+00,Active,"AU, GDSS"
-122.170999999955,39.7389999999739,14,Orland,Glenn,39.739,-122.171,Inactive,2023/02/08 00:00:00+00,,"CIMIS, DWR",2023/02/09 00:00:00+00,14,NRO,235,1982/10/30 00:00:00+00,4/21/1987,"AU, GDSS"
-119.851407999848,36.1581379996537,15,Stratford,Kings,36.158138,-119.851408,Active,2023/02/08 00:00:00+00,,"CIMIS, DWR",2023/02/09 00:00:00+00,15,SCRO,193,1982/10/29 00:00:00+00,Active,"AU, GDSS"
-121.702999999876,36.9049999996977,16,San Juan,Monterey,36.905,-121.703,Inactive,2023/02/08 00:00:00+00,,"CIMIS, DWR",2023/02/09 00:00:00+00,16,SCRO,44,1982/10/23 00:00:00+00,8/24/1995,"AU, GDSS"
-115.447999999983,32.8460000003693,17,El Centro,Imperial,32.846,-115.448,Inactive,2023/02/08 00:00:00+00,,"CIMIS, DWR",2023/02/09 00:00:00+00,17,SRO,-86,1982/11/08 00:00:00+00,5/27/1987,"AU, GDSS"
-115.614000000238,33.0769999998236,18,Westmorland,Imperial,33.077,-115.614,Inactive,2023/02/08 00:00:00+00,,"CIMIS, DWR",2023/02/09 00:00:00+00,18,SRO,-195,1982/11/11 00:00:00+00,4/9/1986,"AU, GDSS"
-121.773771999855,36.7682560000944,19,Castroville,Monterey,36.768256,-121.773772,Inactive,2023/02/08 00:00:00+00,,"CIMIS, DWR",2023/02/09 00:00:00+00,19,SCRO,9,1982/11/18 00:00:00+00,11/20/2019,"AU, GDSS"
-119.572999999783,36.0399999997254,20,Corcoran,Kings,36.04,-119.573,Inactive,2023/02/08 00:00:00+00,,"CIMIS, DWR",2023/02/09 00:00:00+00,20,SCRO,190,1982/11/22 00:00:00+00,4/9/1986,"AU, GDSS"
-119.894899999906,35.8677500001097,21,Kettleman,Kings,35.86775,-119.8949,Inactive,2023/02/08 00:00:00+00,,"CIMIS, DWR",2023/02/09 00:00:00+00,21,SCRO,340,1982/11/19 00:00:00+00,9/1/2017,"AU, GDSS"
-119.778999999753,36.4899999997665,22,Caruthers,Kings,36.49,-119.779,Inactive,2023/02/08 00:00:00+00,,"CIMIS, DWR",2023/02/09 00:00:00+00,22,SCRO,238,1982/11/18 00:00:00+00,6/6/1988,"AU, GDSS"
-121.11699999992,36.1740000000324,23,King City,Monterey,36.174,-121.117,Inactive,2023/02/08 00:00:00+00,,"CIMIS, DWR",2023/02/09 00:00:00+00,23,SCRO,300,1982/11/19 00:00:00+00,12/23/1985,"AU, GDSS"
-116.112000000103,33.6310000000024,24,Thermal,Riverside,33.631,-116.112,Inactive,2023/02/08 00:00:00+00,,"CIMIS, DWR",2023/02/09 00:00:00+00,24,SRO,-120,1982/11/22 00:00:00+00,3/3/1986,"AU, GDSS"
-116.423999999856,33.7640000003372,25,Rancho Mirage,Riverside,33.764,-116.424,Inactive,2023/02/08 00:00:00+00,,"CIMIS, DWR",2023/02/09 00:00:00+00,25,SRO,240,1982/11/22 00:00:00+00,11/20/1985,"AU, GDSS"
-119.689999999579,35.5049999999232,26,Lost Hills,Kern,35.505,-119.69,Inactive,2023/02/08 00:00:00+00,,"CIMIS, DWR",2023/02/09 00:00:00+00,26,SCRO,410,1982/11/29 00:00:00+00,8/13/1986,"AU, GDSS"
-121.907999999763,38.80799999999,27,Zamora,Yolo,38.808,-121.908,Inactive,2023/02/08 00:00:00+00,,"CIMIS, DWR",2023/02/09 00:00:00+00,27,NCRO,50,1982/12/05 00:00:00+00,1/20/2006,"AU, GDSS"
-121.363999999687,36.4469999998442,28,Soledad,Monterey,36.447,-121.364,Inactive,2023/02/08 00:00:00+00,,"CIMIS, DWR",2023/02/09 00:00:00+00,28,SCRO,170,1983/01/04 00:00:00+00,2/11/1987,"AU, GDSS"
-120.313999999983,36.5160000003332,29,Cantua Creek,Fresno,36.516,-120.314,Inactive,2023/02/08 00:00:00+00,,"CIMIS, DWR",2023/02/09 00:00:00+00,29,SCRO,275,1983/01/02 00:00:00+00,7/23/1985,"AU, GDSS"
-121.546074999811,38.8706000000223,30,Nicolaus,Sutter,38.8706,-121.546075,Inactive,2023/02/08 00:00:00+00,,"CIMIS, DWR",2023/02/09 00:00:00+00,30,NCRO,32,1983/01/03 00:00:00+00,12/29/2011,"AU, GDSS"
-119.151999999999,35.7030000000779,31,McFarland/Kern Farms,Kern,35.703,-119.152,Inactive,2023/02/08 00:00:00+00,,"CIMIS, DWR",2023/02/09 00:00:00+00,31,SCRO,480,1983/01/11 00:00:00+00,3/8/1993,"AU, GDSS"
-122.02480000044,39.2268609998612,32,Colusa,Colusa,39.226861,-122.0248,Inactive,2023/02/08 00:00:00+00,,"CIMIS, DWR",2023/02/09 00:00:00+00,32,NRO,55,1983/01/13 00:00:00+00,8/12/2016,"AU, GDSS"
-119.222999999583,36.3009999996756,33,Visalia,Tulare,36.301,-119.223,Inactive,2023/02/08 00:00:00+00,,"CIMIS, DWR",2023/02/09 00:00:00+00,33,SCRO,350,1983/01/05 00:00:00+00,3/1/2007,"AU, GDSS"
-117.199000000172,33.4889999999371,34,Rancho California,Riverside,33.489,-117.199,Inactive,2023/02/08 00:00:00+00,,"CIMIS, DWR",2023/02/09 00:00:00+00,34,SRO,1820,1983/01/21 00:00:00+00,11/25/1986,"AU, GDSS"
-118.40547100038,37.3586059996889,35,Bishop,Inyo,37.358606,-118.405471,Active,2023/02/08 00:00:00+00,,"CIMIS, DWR",2023/02/09 00:00:00+00,35,SRO,4170,1983/02/04 00:00:00+00,Active,"AU, GDSS"
-114.558000000037,33.6550000003501,36,Blythe,Riverside,33.655,-114.558,Inactive,2023/02/08 00:00:00+00,,"CIMIS, DWR",2023/02/09 00:00:00+00,36,SRO,270,1983/03/13 00:00:00+00,8/12/1988,"AU, GDSS"
-121.545000000284,36.6199999996604,37,USDA Salinas,Monterey,36.62,-121.545,Inactive,2023/02/08 00:00:00+00,,"CIMIS, DWR",2023/02/09 00:00:00+00,37,SCRO,120,1983/04/11 00:00:00+00,7/27/1992,"AU, GDSS"
-120.384000000382,34.9540000001638,38,Santa Maria,Santa Barbara,34.954,-120.384,Inactive,2023/02/08 00:00:00+00,,"CIMIS, DWR",2023/02/09 00:00:00+00,38,SRO,270,1983/05/03 00:00:00+00,4/27/1999,"AU, GDSS"
-119.504120000016,36.597480999748,39,Parlier,Fresno,36.597481,-119.50412,Active,2023/02/08 00:00:00+00,,"CIMIS, DWR",2023/02/09 00:00:00+00,39,SCRO,337,1983/05/23 00:00:00+00,Active,"AU, GDSS"
-120.386999999732,36.6829999998097,40,Mendota/MuriettaUSDA,Fresno,36.683,-120.387,Inactive,2023/02/08 00:00:00+00,,"CIMIS, DWR",2023/02/09 00:00:00+00,40,SCRO,187,1983/06/14 00:00:00+00,4/15/1992,"AU, GDSS"
-115.415835000175,33.0431510002716,41,Calipatria,Imperial,33.043151,-115.415835,Active,2023/02/08 00:00:00+00,,"CIMIS, DWR",2023/02/09 00:00:00+00,41,SRO,-110,1983/07/17 00:00:00+00,Active,"AU, GDSS"
-121.345999999995,38.1090000001527,42,Lodi ,San Joaquin,38.109,-121.346,Inactive,2023/02/08 00:00:00+00,,"CIMIS, DWR",2023/02/09 00:00:00+00,42,NCRO,23,1983/10/16 00:00:00+00,1/18/2001,"AU, GDSS"
-121.456019000376,41.0637670000935,43,McArthur,Shasta,41.063767,-121.456019,Active,2023/02/08 00:00:00+00,,"CIMIS, DWR",2023/02/09 00:00:00+00,43,NRO,3310,1983/10/31 00:00:00+00,Active,"AU, GDSS"
-117.336983000189,33.9649419997386,44,Riverside,Riverside,33.964942,-117.336983,Active,2023/02/08 00:00:00+00,,"CIMIS, DWR",2023/02/09 00:00:00+00,44,SRO,1020,1985/06/02 00:00:00+00,Active,"AU, GDSS"
-117.135000000269,32.7870000000451,45,San Diego,San Diego,32.787,-117.135,Inactive,2023/02/08 00:00:00+00,,"CIMIS, DWR",2023/02/09 00:00:00+00,45,SRO,370,1985/06/09 00:00:00+00,4/27/1989,"AU, GDSS"
-122.064000000089,41.7920000001001,46,Macdoel,Siskiyou,41.792,-122.064,Inactive,2023/02/08 00:00:00+00,,"CIMIS, DWR",2023/02/09 00:00:00+00,46,NRO,4254,1985/11/11 00:00:00+00,6/11/1986,"AU, GDSS"
-121.659729999576,37.9281539997473,47,Brentwood,Contra Costa,37.928154,-121.65973,Active,2023/02/08 00:00:00+00,,"CIMIS, DWR",2023/02/09 00:00:00+00,47,NCRO,45,1985/11/18 00:00:00+00,Active,"AU, GDSS"
-121.427000000406,42.0030000000385,48,Tulelake,Siskiyou,42.003,-121.427,Inactive,2023/02/08 00:00:00+00,,"CIMIS, DWR",2023/02/09 00:00:00+00,48,NRO,4042,1986/02/03 00:00:00+00,9/30/1993,"AU, GDSS"
-117.320000000298,33.2560000001338,49,Oceanside,San Diego,33.256,-117.32,Inactive,2023/02/08 00:00:00+00,,"CIMIS, DWR",2023/02/09 00:00:00+00,49,SRO,50,1986/03/11 00:00:00+00,10/29/2003,"AU, GDSS"
-116.242000000075,33.6460000002296,50,Thermal,Riverside,33.646,-116.242,Inactive,2023/02/08 00:00:00+00,,"CIMIS, DWR",2023/02/09 00:00:00+00,50,SRO,-30,1986/07/22 00:00:00+00,1/11/1999,"AU, GDSS"
-122.865999999943,38.6619999999154,51,Healdsburg,Sonoma,38.662,-122.866,Inactive,2023/02/08 00:00:00+00,,"CIMIS, DWR",2023/02/09 00:00:00+00,51,NCRO,180,1986/08/24 00:00:00+00,3/28/1994,"AU, GDSS"
-120.661783000283,35.3054419998614,52,San Luis Obispo,San Luis Obispo,35.305442,-120.661783,Active,2023/02/08 00:00:00+00,,"CIMIS, DWR",2023/02/09 00:00:00+00,52,SRO,330,1986/04/02 00:00:00+00,Active,"AU, GDSS"
-121.256999999821,36.3410000001074,53,Greenfield,Monterey,36.341,-121.257,Inactive,2023/02/08 00:00:00+00,,"CIMIS, DWR",2023/02/09 00:00:00+00,53,SCRO,270,1986/10/10 00:00:00+00,10/23/1991,"AU, GDSS"
-119.959299999842,35.6498609998732,54,Blackwells Corner,Kern,35.649861,-119.9593,Inactive,2023/02/08 00:00:00+00,,"CIMIS, DWR",2023/02/09 00:00:00+00,54,SCRO,705,1986/10/19 00:00:00+00,10/18/2021,"AU, GDSS"
-116.381999999975,33.7299999998267,55,Palm Desert,Riverside,33.73,-116.382,Inactive,2023/02/08 00:00:00+00,,"CIMIS, DWR",2023/02/09 00:00:00+00,55,SRO,200,1987/05/26 00:00:00+00,4/11/1994,"AU, GDSS"
-120.754227000221,37.097449999916,56,Los Banos,Merced,37.09745,-120.754227,Active,2023/02/08 00:00:00+00,,"CIMIS, DWR",2023/02/09 00:00:00+00,56,SCRO,95,1988/06/28 00:00:00+00,Active,"AU, GDSS"
-120.433948000147,40.2897990000171,57,Buntingville,Lassen,40.289799,-120.433948,Inactive,2023/02/08 00:00:00+00,,"CIMIS, DWR",2023/02/09 00:00:00+00,57,NRO,4005,1986/06/22 00:00:00+00,5/12/2021,"AU, GDSS"
-119.118999999964,34.3020000002713,58,Santa Paula,Ventura,34.302,-119.119,Inactive,2023/02/08 00:00:00+00,,"CIMIS, DWR",2023/02/09 00:00:00+00,58,SRO,175,1987/07/30 00:00:00+00,2/15/1991,"AU, GDSS"
-118.439000000319,35.1140000000562,59,Tehachapi,Kern,35.114,-118.439,Inactive,2023/02/08 00:00:00+00,,"CIMIS, DWR",2023/02/09 00:00:00+00,59,SCRO,4110,1986/07/29 00:00:00+00,8/23/1990,"AU, GDSS"
-117.115000000411,34.9030000001347,60,Barstow,San Bernardino,34.903,-117.115,Inactive,2023/02/08 00:00:00+00,,"CIMIS, DWR",2023/02/09 00:00:00+00,60,SRO,2180,1986/11/20 00:00:00+00,2/20/1992,"AU, GDSS"
-122.153480999588,39.6917820001903,61,Orland,Glenn,39.691782,-122.153481,Inactive,2023/02/08 00:00:00+00,,"CIMIS, DWR",2023/02/09 00:00:00+00,61,NRO,198,1987/05/13 00:00:00+00,5/26/2010,"AU, GDSS"
-117.228269000387,33.4866499996917,62,Temecula,Riverside,33.48665,-117.228269,Active,2023/02/08 00:00:00+00,,"CIMIS, DWR",2023/02/09 00:00:00+00,62,SRO,1420,1986/11/25 00:00:00+00,Active,"AU, GDSS"
-122.543000000179,38.1209999997845,63,Novato,Marin,38.121,-122.543,Inactive,2023/02/08 00:00:00+00,,"CIMIS, DWR",2023/02/09 00:00:00+00,63,NCRO,25,1986/07/01 00:00:00+00,1/18/2002,"AU, GDSS"
-120.079238999786,34.5831439999614,64,Santa Ynez,Santa Barbara,34.583144,-120.079239,Active,2023/02/08 00:00:00+00,,"CIMIS, DWR",2023/02/09 00:00:00+00,64,SRO,478,1986/11/21 00:00:00+00,Active,"AU, GDSS"
-122.081999999781,37.9140000003063,65,Walnut Creek,Contra Costa,37.914,-122.082,Inactive,2023/02/08 00:00:00+00,,"CIMIS, DWR",2023/02/09 00:00:00+00,65,NCRO,440,1987/07/22 00:00:00+00,3/8/2002,"AU, GDSS"
-117.135000000269,32.7329999998647,66,San Diego,San Diego,32.733,-117.135,Inactive,2023/02/08 00:00:00+00,,"CIMIS, DWR",2023/02/09 00:00:00+00,66,SRO,370,1989/04/27 00:00:00+00,12/19/2001,"AU, GDSS"
-119.839000000224,34.4319999996625,67,Goleta,Santa Barbara,34.432,-119.839,Inactive,2023/02/08 00:00:00+00,,"CIMIS, DWR",2023/02/09 00:00:00+00,67,SRO,30,1988/02/17 00:00:00+00,4/7/1993,"AU, GDSS"
-115.732067000063,32.7595749999341,68,Seeley,Imperial,32.759575,-115.732067,Active,2023/02/08 00:00:00+00,,"CIMIS, DWR",2023/02/09 00:00:00+00,68,SRO,-38,1987/05/29 00:00:00+00,Active,"AU, GDSS"
-121.949999999643,37.3259999996476,69,San Jose,Santa Clara,37.326,-121.95,Inactive,2023/02/08 00:00:00+00,,"CIMIS, DWR",2023/02/09 00:00:00+00,69,SCRO,125,1987/06/08 00:00:00+00,11/22/2002,"AU, GDSS"
-121.223193999872,37.8348220001887,70,Manteca,San Joaquin,37.834822,-121.223194,Active,2023/02/08 00:00:00+00,,"CIMIS, DWR",2023/02/09 00:00:00+00,70,NCRO,38,1987/11/12 00:00:00+00,Active,"AU, GDSS"
-121.187764000401,37.6452219997164,71,Modesto,Stanislaus,37.645222,-121.187764,Active,2023/02/08 00:00:00+00,,"CIMIS, DWR",2023/02/09 00:00:00+00,71,SCRO,35,1987/06/25 00:00:00+00,Active,"AU, GDSS"
-114.723000000209,33.3880000002836,72,Palo Verde,Imperial,33.388,-114.723,Inactive,2023/02/08 00:00:00+00,,"CIMIS, DWR",2023/02/09 00:00:00+00,72,SRO,230,1987/09/08 00:00:00+00,12/20/2000,"AU, GDSS"
-118.318000000193,34.1470000000507,73,Hollywood Hills,Los Angeles,34.147,-118.318,Inactive,2023/02/08 00:00:00+00,,"CIMIS, DWR",2023/02/09 00:00:00+00,73,SRO,560,1988/03/04 00:00:00+00,9/14/1993,"AU, GDSS"
-116.973000000345,33.0900000003706,74,Escondido,San Diego,33.09,-116.973,Inactive,2023/02/08 00:00:00+00,,"CIMIS, DWR",2023/02/09 00:00:00+00,74,SRO,450,1988/04/26 00:00:00+00,12/24/1998,"AU, GDSS"
-117.721177999602,33.6884499996488,75,Irvine,Orange,33.68845,-117.721178,Active,2023/02/08 00:00:00+00,,"CIMIS, DWR",2023/02/09 00:00:00+00,75,SRO,410,1987/10/07 00:00:00+00,Active,"AU, GDSS"
-120.512000000189,34.9240000002588,76,Betteravia,Santa Barbara,34.924,-120.512,Inactive,2023/02/08 00:00:00+00,,"CIMIS, DWR",2023/02/09 00:00:00+00,76,SRO,160,1987/12/18 00:00:00+00,7/1/1993,"AU, GDSS"
-122.410205999823,38.4284750003212,77,Oakville,Napa,38.428475,-122.410206,Active,2023/02/08 00:00:00+00,,"CIMIS, DWR",2023/02/09 00:00:00+00,77,NCRO,199,1989/03/01 00:00:00+00,Active,"AU, GDSS"
-117.813069000244,34.0565889998213,78,Pomona,Los Angeles,34.056589,-117.813069,Active,2023/02/08 00:00:00+00,,"CIMIS, DWR",2023/02/09 00:00:00+00,78,SRO,720,1989/03/14 00:00:00+00,Active,"AU, GDSS"
-122.42099999997,38.5489999996986,79,Angwin,Napa,38.549,-122.421,Inactive,2023/02/08 00:00:00+00,,"CIMIS, DWR",2023/02/09 00:00:00+00,79,NCRO,1720,1989/05/11 00:00:00+00,12/27/1996,"AU, GDSS"
-119.742308000258,36.820832999991,80,Fresno State,Fresno,36.820833,-119.742308,Active,2023/02/08 00:00:00+00,,"CIMIS, DWR",2023/02/09 00:00:00+00,80,SCRO,339,1988/10/03 00:00:00+00,Active,"AU, GDSS"
-120.804000000084,38.5230000003189,81,Shenandoah Valley,Amador,38.523,-120.804,Inactive,2023/02/08 00:00:00+00,,"CIMIS, DWR",2023/02/09 00:00:00+00,81,NCRO,1550,1990/05/11 00:00:00+00,5/17/2000,"AU, GDSS"
-117.695999999954,34.13000000004,82,Claremont,Los Angeles,34.13,-117.696,Inactive,2023/02/08 00:00:00+00,,"CIMIS, DWR",2023/02/09 00:00:00+00,82,SRO,1620,1989/04/13 00:00:00+00,9/26/2007,"AU, GDSS"
-122.799931000277,38.4035500003105,83,Santa Rosa,Sonoma,38.40355,-122.799931,Active,2023/02/08 00:00:00+00,,"CIMIS, DWR",2023/02/09 00:00:00+00,83,NCRO,80,1990/01/01 00:00:00+00,Active,"AU, GDSS"
-121.315668999773,39.2525610001282,84,Browns Valley,Yuba,39.252561,-121.315669,Active,2023/02/08 00:00:00+00,,"CIMIS, DWR",2023/02/09 00:00:00+00,84,NCRO,940,1989/04/13 00:00:00+00,Active,"AU, GDSS"
-123.080121999874,39.0067469998393,85,Hopland,Mendocino,39.006747,-123.080122,Inactive,2023/02/08 00:00:00+00,,"CIMIS, DWR",2023/02/09 00:00:00+00,85,NCRO,1128,1989/09/23 00:00:00+00,4/25/2016,"AU, GDSS"
-119.059344000349,36.3606469996737,86,Lindcove,Tulare,36.360647,-119.059344,Inactive,2023/02/08 00:00:00+00,,"CIMIS, DWR",2023/02/09 00:00:00+00,86,SCRO,474,1989/05/31 00:00:00+00,12/3/2020,"AU, GDSS"
-115.446257999561,32.8061829999143,87,Meloland,Imperial,32.806183,-115.446258,Active,2023/02/08 00:00:00+00,,"CIMIS, DWR",2023/02/09 00:00:00+00,87,SRO,-55,1989/12/12 00:00:00+00,Active,"AU, GDSS"
-119.673800000035,34.9425249997624,88,Cuyama,Santa Barbara,34.942525,-119.6738,Active,2023/02/08 00:00:00+00,,"CIMIS, DWR",2023/02/09 00:00:00+00,88,SRO,2192,1989/05/20 00:00:00+00,Active,"AU, GDSS"
-121.529300000333,36.60944400007,89,Salinas South,Monterey,36.609444,-121.5293,Inactive,2023/02/08 00:00:00+00,,"CIMIS, DWR",2023/02/09 00:00:00+00,89,SCRO,160,1992/09/05 00:00:00+00,9/25/2012,"AU, GDSS"
-120.480308000209,41.4382140002463,90,Alturas,Modoc,41.438214,-120.480308,Active,2023/02/08 00:00:00+00,,"CIMIS, DWR",2023/02/09 00:00:00+00,90,NRO,4405,1989/04/23 00:00:00+00,Active,"AU, GDSS"
-121.47237200008,41.958869000222,91,Tulelake FS,Siskiyou,41.958869,-121.472372,Active,2023/02/08 00:00:00+00,,"CIMIS, DWR",2023/02/09 00:00:00+00,91,NRO,4035,1989/04/12 00:00:00+00,Active,"AU, GDSS"
-120.880819000414,37.2318610001014,92,Kesterson,Merced,37.231861,-120.880819,Inactive,2023/02/08 00:00:00+00,,"CIMIS, DWR",2023/02/09 00:00:00+00,92,SCRO,75,1989/10/13 00:00:00+00,10/11/2021,"AU, GDSS"
-118.92900000042,35.2859999996983,93,Lamont,Kern,35.286,-118.929,Inactive,2023/02/08 00:00:00+00,,"CIMIS, DWR",2023/02/09 00:00:00+00,93,SCRO,382,1990/02/04 00:00:00+00,10/3/1994,"AU, GDSS"
-119.869483999708,34.4715790001142,94,Goleta Foothills,Santa Barbara,34.471579,-119.869484,Inactive,2023/02/08 00:00:00+00,,"CIMIS, DWR",2023/02/09 00:00:00+00,94,SRO,626,1990/07/07 00:00:00+00,7/18/2016,"AU, GDSS"
-121.80899999966,36.8859999999371,95,Watsonville,Santa Cruz,36.886,-121.809,Inactive,2023/02/08 00:00:00+00,,"CIMIS, DWR",2023/02/09 00:00:00+00,95,SCRO,100,1989/09/13 00:00:00+00,7/24/1995,"AU, GDSS"
-122.279999999987,37.4530000002116,96,Woodside,San Mateo,37.453,-122.28,Inactive,2023/02/08 00:00:00+00,,"CIMIS, DWR",2023/02/09 00:00:00+00,96,NCRO,560,1990/10/31 00:00:00+00,1/24/1994,"AU, GDSS"
-119.200000000375,34.1730000001643,97,Port Hueneme,Ventura,34.173,-119.2,Inactive,2023/02/08 00:00:00+00,,"CIMIS, DWR",2023/02/09 00:00:00+00,97,SRO,18,1991/02/16 00:00:00+00,7/31/2000,"AU, GDSS"
-116.938000000145,33.049000000072,98,Ramona,San Diego,33.049,-116.938,Inactive,2023/02/08 00:00:00+00,,"CIMIS, DWR",2023/02/09 00:00:00+00,98,SRO,1340,1991/04/20 00:00:00+00,5/28/1998,"AU, GDSS"
-118.476886000065,34.0443109998389,99,Santa Monica,Los Angeles,34.044311,-118.476886,Active,2023/02/08 00:00:00+00,,"CIMIS, DWR",2023/02/09 00:00:00+00,99,SRO,358,1992/12/11 00:00:00+00,Active,"AU, GDSS"
-121.968000000234,37.5249999997368,100,Fremont,Alameda,37.525,-121.968,Inactive,2023/02/08 00:00:00+00,,"CIMIS, DWR",2023/02/09 00:00:00+00,100,NCRO,40,1991/08/29 00:00:00+00,6/19/2000,"AU, GDSS"
-118.789167000026,34.4022220001898,101,Piru,Ventura,34.402222,-118.789167,Inactive,2023/02/08 00:00:00+00,,"CIMIS, DWR",2023/02/09 00:00:00+00,101,SRO,640,1991/08/27 00:00:00+00,2/20/2005,"AU, GDSS"
-118.093999999633,33.7970000002167,102,El Dorado,Los Angeles,33.797,-118.094,Inactive,2023/02/08 00:00:00+00,,"CIMIS, DWR",2023/02/09 00:00:00+00,102,SRO,17,1990/10/24 00:00:00+00,10/20/1999,"AU, GDSS"
-122.813886000331,38.5268219996725,103,Windsor,Sonoma,38.526822,-122.813886,Active,2023/02/08 00:00:00+00,,"CIMIS, DWR",2023/02/09 00:00:00+00,103,NCRO,90,1990/12/14 00:00:00+00,Active,"AU, GDSS"
-121.99686299967,36.9978309997533,104,De Laveaga,Santa Cruz,36.997831,-121.996863,Active,2023/02/08 00:00:00+00,,"CIMIS, DWR",2023/02/09 00:00:00+00,104,SCRO,314,1990/09/28 00:00:00+00,Active,"AU, GDSS"
-120.381811000071,36.6340279999058,105,Westlands,Fresno,36.634028,-120.381811,Active,2023/02/08 00:00:00+00,,"CIMIS, DWR",2023/02/09 00:00:00+00,105,SCRO,191,1992/04/17 00:00:00+00,Active,"AU, GDSS"
-123.088704000144,38.9827369998166,106,Sanel Valley,Mendocino,38.982737,-123.088704,Active,2023/02/08 00:00:00+00,,"CIMIS, DWR",2023/02/09 00:00:00+00,106,NCRO,549,1991/02/01 00:00:00+00,Active,"AU, GDSS"
-119.73732899976,34.4373520001356,107,Santa Barbara,Santa Barbara,34.437352,-119.737329,Active,2023/02/08 00:00:00+00,,"CIMIS, DWR",2023/02/09 00:00:00+00,107,SRO,250,1993/04/07 00:00:00+00,Active,"AU, GDSS"
-122.162000000109,40.0429999997849,108,Gerber Dryland,Tehama,40.043,-122.162,Inactive,2023/02/08 00:00:00+00,,"CIMIS, DWR",2023/02/09 00:00:00+00,108,NRO,245,1991/03/11 00:00:00+00,5/12/1998,"AU, GDSS"
-122.354963999916,38.2195029996968,109,Carneros,Napa,38.219503,-122.354964,Inactive,2023/02/08 00:00:00+00,,"CIMIS, DWR",2023/02/09 00:00:00+00,109,NCRO,14,1993/03/11 00:00:00+00,1/13/2022,"AU, GDSS"
-116.641999999919,34.8399999997806,110,Newberry Springs,San Bernardino,34.84,-116.642,Inactive,2023/02/08 00:00:00+00,,"CIMIS, DWR",2023/02/09 00:00:00+00,110,SRO,1929,1992/02/21 00:00:00+00,12/27/1996,"AU, GDSS"
-121.763941999805,36.9439639998187,111,Green Valley Road,Santa Cruz,36.943964,-121.763942,Inactive,2023/02/08 00:00:00+00,,"CIMIS, DWR",2023/02/09 00:00:00+00,111,SCRO,110,1992/05/29 00:00:00+00,1/28/2021,"AU, GDSS"
-120.958000000244,36.0789999997899,112,San Ardo,Monterey,36.079,-120.958,Inactive,2023/02/08 00:00:00+00,,"CIMIS, DWR",2023/02/09 00:00:00+00,112,SCRO,374,1993/06/18 00:00:00+00,3/13/1995,"AU, GDSS"
-121.08445500017,36.1212750000532,113,King City-Oasis Rd.,Monterey,36.121275,-121.084455,Active,2023/02/08 00:00:00+00,,"CIMIS, DWR",2023/02/09 00:00:00+00,113,SCRO,552,1993/06/12 00:00:00+00,Active,"AU, GDSS"
-121.291247999635,36.3474150002757,114,Arroyo Seco,Monterey,36.347415,-121.291248,Active,2023/02/08 00:00:00+00,,"CIMIS, DWR",2023/02/09 00:00:00+00,114,SCRO,235,1993/06/18 00:00:00+00,Active,"AU, GDSS"
-121.510000000084,36.5150000000754,115,Gonzales,Monterey,36.515,-121.51,Inactive,2023/02/08 00:00:00+00,,"CIMIS, DWR",2023/02/09 00:00:00+00,115,SCRO,146,1993/06/12 00:00:00+00,11/10/1998,"AU, GDSS"
-121.691889000435,36.7168060001498,116,Salinas North,Monterey,36.716806,-121.691889,Active,2023/02/08 00:00:00+00,,"CIMIS, DWR",2023/02/09 00:00:00+00,116,SCRO,61,1993/06/18 00:00:00+00,Active,"AU, GDSS"
-117.263513999911,34.4759139998168,117,Victorville,San Bernardino,34.475914,-117.263514,Active,2023/02/08 00:00:00+00,,"CIMIS, DWR",2023/02/09 00:00:00+00,117,SRO,2890,1994/02/01 00:00:00+00,Active,"AU, GDSS"
-116.478728999751,33.8413870000294,118,Cathedral City,Riverside,33.841387,-116.478729,Inactive,2023/02/08 00:00:00+00,,"CIMIS, DWR",2023/02/09 00:00:00+00,118,SRO,421,1995/12/07 00:00:00+00,10/9/2014,"AU, GDSS"
-122.003999999618,38.4950000001853,119,Putah Creek,Solano,38.495,-122.004,Inactive,2023/02/08 00:00:00+00,,"CIMIS, DWR",2023/02/09 00:00:00+00,119,NCRO,180,1993/08/21 00:00:00+00,1/25/1995,"AU, GDSS"
-120.547999999573,34.9620000001332,120,Guadalupe,Santa Barbara,34.962,-120.548,Inactive,2023/02/08 00:00:00+00,,"CIMIS, DWR",2023/02/09 00:00:00+00,120,SRO,110,1993/12/24 00:00:00+00,11/28/2000,"AU, GDSS"
-121.786910999949,38.4155640001341,121,Dixon,Solano,38.415564,-121.786911,Inactive,2023/02/08 00:00:00+00,,"CIMIS, DWR",2023/02/09 00:00:00+00,121,NCRO,37,1994/09/20 00:00:00+00,7/6/2021,"AU, GDSS"
-121.790615999828,38.2830469999091,122,Hastings Tract,Solano,38.283047,-121.790616,Inactive,2023/02/08 00:00:00+00,,"CIMIS, DWR",2023/02/09 00:00:00+00,122,NCRO,10,1995/03/28 00:00:00+00,6/10/2009,"AU, GDSS"
-122.116994000133,38.2339720003333,123,Suisun Valley,Solano,38.233972,-122.116994,Inactive,2023/02/08 00:00:00+00,,"CIMIS, DWR",2023/02/09 00:00:00+00,123,NCRO,35,1994/08/18 00:00:00+00,7/11/2010,"AU, GDSS"
-120.731664999784,36.8900960001646,124,Panoche,Fresno,36.890096,-120.731665,Active,2023/02/08 00:00:00+00,,"CIMIS, DWR",2023/02/09 00:00:00+00,124,SCRO,183,1995/07/27 00:00:00+00,Active,"AU, GDSS"
-118.778437000351,35.2058100003199,125,Arvin-Edison,Kern,35.20581,-118.778437,Active,2023/02/08 00:00:00+00,,"CIMIS, DWR",2023/02/09 00:00:00+00,125,SCRO,508,1995/03/22 00:00:00+00,Active,"AU, GDSS"
-121.362693000356,36.8548750003553,126,San Benito,San Benito,36.854875,-121.362693,Active,2023/02/08 00:00:00+00,,"CIMIS, DWR",2023/02/09 00:00:00+00,126,SCRO,340,1994/06/09 00:00:00+00,Active,"AU, GDSS"
-115.944841999582,33.3277029999345,127,Salton West,Imperial,33.327703,-115.944842,Inactive,2023/02/08 00:00:00+00,,"CIMIS, DWR",2023/02/09 00:00:00+00,127,SRO,-225,1994/11/21 00:00:00+00,9/16/2012,"AU, GDSS"
-115.580117000297,33.2201860003409,128,Salton East,Imperial,33.220186,-115.580117,Inactive,2023/02/08 00:00:00+00,,"CIMIS, DWR",2023/02/09 00:00:00+00,128,SRO,-226,1994/11/17 00:00:00+00,8/9/2013,"AU, GDSS"
-121.741930999912,36.9027780002304,129,Pajaro,Monterey,36.902778,-121.741931,Active,2023/02/08 00:00:00+00,,"CIMIS, DWR",2023/02/09 00:00:00+00,129,SCRO,65,1995/09/13 00:00:00+00,Active,"AU, GDSS"
-117.037000000248,33.5559999996537,130,Temecula East,Riverside,33.556,-117.037,Inactive,2023/02/08 00:00:00+00,,"CIMIS, DWR",2023/02/09 00:00:00+00,130,SRO,1500,1995/07/01 00:00:00+00,11/5/1996,"AU, GDSS"
-121.218872000225,38.6499640000937,131,Fair Oaks,Sacramento,38.649964,-121.218872,Active,2023/02/08 00:00:00+00,,"CIMIS, DWR",2023/02/09 00:00:00+00,131,NCRO,265,1997/04/18 00:00:00+00,Active,"AU, GDSS"
-121.636330000336,37.1515339997416,132,Morgan Hill,Santa Clara,37.151534,-121.63633,Inactive,2023/02/08 00:00:00+00,,"CIMIS, DWR",2023/02/09 00:00:00+00,132,SCRO,400,1997/04/28 00:00:00+00,5/1/2008,"AU, GDSS"
-118.230202999592,34.1965309999365,133,Glendale,Los Angeles,34.196531,-118.230203,Inactive,2023/02/08 00:00:00+00,,"CIMIS, DWR",2023/02/09 00:00:00+00,133,SRO,1076,1996/08/07 00:00:00+00,1/5/2015,"AU, GDSS"
-116.979861000108,34.8842669999011,134,Barstow NE,San Bernardino,34.884267,-116.979861,Inactive,2023/02/08 00:00:00+00,,"CIMIS, DWR",2023/02/09 00:00:00+00,134,SRO,2068,1997/01/08 00:00:00+00,10/30/2013,"AU, GDSS"
-114.558107999992,33.6628690001002,135,Blythe NE,Riverside,33.662869,-114.558108,Active,2023/02/08 00:00:00+00,,"CIMIS, DWR",2023/02/09 00:00:00+00,135,SRO,275,1997/01/16 00:00:00+00,Active,"AU, GDSS"
-116.155749999903,33.5236940002078,136,Oasis,Riverside,33.523694,-116.15575,Active,2023/02/08 00:00:00+00,,"CIMIS, DWR",2023/02/09 00:00:00+00,136,SRO,12,1997/01/07 00:00:00+00,Active,"AU, GDSS"
-117.031660999901,33.5580169999845,137,Temecula East II,Riverside,33.558017,-117.031661,Inactive,2023/02/08 00:00:00+00,,"CIMIS, DWR",2023/02/09 00:00:00+00,137,SRO,1536,1997/02/20 00:00:00+00,9/20/2011,"AU, GDSS"
-119.2125870001,35.6035129999521,138,Famoso,Kern,35.603513,-119.212587,Inactive,2023/02/08 00:00:00+00,,"CIMIS, DWR",2023/02/09 00:00:00+00,138,SCRO,415,1997/04/09 00:00:00+00,12/29/2015,"AU, GDSS"
-121.978528000242,38.5012579998468,139,Winters,Solano,38.501258,-121.978528,Active,2023/02/08 00:00:00+00,,"CIMIS, DWR",2023/02/09 00:00:00+00,139,NCRO,136,1998/06/15 00:00:00+00,Active,"AU, GDSS"
-121.674454999559,38.1217389997062,140,Twitchell Island,Sacramento,38.121739,-121.674455,Active,2023/02/08 00:00:00+00,,"CIMIS, DWR",2023/02/09 00:00:00+00,140,NCRO,0,1997/10/08 00:00:00+00,Active,"AU, GDSS"
-115.9928029996,33.5368940001512,141,Mecca,Riverside,33.536894,-115.992803,Inactive,2023/02/08 00:00:00+00,,"CIMIS, DWR",2023/02/09 00:00:00+00,141,SRO,-180,1998/05/05 00:00:00+00,3/11/2010,"AU, GDSS"
-119.389028000324,36.72108299999,142,Orange Cove,Fresno,36.721083,-119.389028,Inactive,2023/02/08 00:00:00+00,,"CIMIS, DWR",2023/02/09 00:00:00+00,142,SCRO,470,1999/01/01 00:00:00+00,1/6/2023,"AU, GDSS"
-121.467934000081,36.8229260001739,143,San Juan Valley,San Benito,36.822926,-121.467934,Active,2023/02/08 00:00:00+00,,"CIMIS, DWR",2023/02/09 00:00:00+00,143,SCRO,268,1998/01/01 00:00:00+00,Active,"AU, GDSS"
-122.616464000433,38.2664280002222,144,Petaluma,Sonoma,38.266428,-122.616464,Active,2023/02/08 00:00:00+00,,"CIMIS, DWR",2023/02/09 00:00:00+00,144,NCRO,97,1999/08/25 00:00:00+00,Active,"AU, GDSS"
-120.186394000362,37.0165280002423,145,Madera,Madera,37.016528,-120.186394,Inactive,2023/02/08 00:00:00+00,,"CIMIS, DWR",2023/02/09 00:00:00+00,145,SCRO,230,1998/05/13 00:00:00+00,3/27/2013,"AU, GDSS"
-119.691143999601,35.505833000109,146,Belridge,Kern,35.505833,-119.691144,Active,2023/02/08 00:00:00+00,,"CIMIS, DWR",2023/02/09 00:00:00+00,146,SCRO,410,1998/10/09 00:00:00+00,Active,"AU, GDSS"
-116.939281000435,32.628207999862,147,Otay Lake,San Diego,32.628208,-116.939281,Active,2023/02/08 00:00:00+00,,"CIMIS, DWR",2023/02/09 00:00:00+00,147,SRO,580,1999/04/15 00:00:00+00,Active,"AU, GDSS"
-120.386700000156,37.314139000186,148,Merced,Merced,37.314139,-120.3867,Active,2023/02/08 00:00:00+00,,"CIMIS, DWR",2023/02/09 00:00:00+00,148,SCRO,200,1999/01/04 00:00:00+00,Active,"AU, GDSS"
-122.180149999589,37.7806529998476,149,Oakland Foothills,Alameda,37.780653,-122.18015,Inactive,2023/02/08 00:00:00+00,,"CIMIS, DWR",2023/02/09 00:00:00+00,149,NCRO,145,1999/03/25 00:00:00+00,8/13/2013,"AU, GDSS"
-117.143142000322,32.8858469996561,150,Miramar,San Diego,32.885847,-117.143142,Active,2023/02/08 00:00:00+00,,"CIMIS, DWR",2023/02/09 00:00:00+00,150,SRO,445,1999/04/23 00:00:00+00,Active,"AU, GDSS"
-114.633888999707,33.532222000125,151,Ripley,Riverside,33.532222,-114.633889,Active,2023/02/08 00:00:00+00,,"CIMIS, DWR",2023/02/09 00:00:00+00,151,SRO,251,1998/12/19 00:00:00+00,Active,"AU, GDSS"
-118.992438999733,34.2193860000371,152,Camarillo,Ventura,34.219386,-118.992439,Active,2023/02/08 00:00:00+00,,"CIMIS, DWR",2023/02/09 00:00:00+00,152,SRO,130,2000/01/21 00:00:00+00,Active,"AU, GDSS"
-116.975696999746,33.0810499997965,153,Escondido SPV,San Diego,33.08105,-116.975697,Active,2023/02/08 00:00:00+00,,"CIMIS, DWR",2023/02/09 00:00:00+00,153,SRO,390,1999/02/01 00:00:00+00,Active,"AU, GDSS"
-115.916000000062,33.5490000001113,154,Salton Sea North,Riverside,33.549,-115.916,Inactive,2023/02/08 00:00:00+00,,"CIMIS, DWR",2023/02/09 00:00:00+00,154,SRO,-200,1998/10/15 00:00:00+00,10/30/2003,"AU, GDSS"
-121.540405999751,38.5991580000711,155,Bryte (Experimental),Yolo,38.599158,-121.540406,Active,2023/02/08 00:00:00+00,,"CIMIS, DWR",2023/02/09 00:00:00+00,155,NCRO,40,1998/12/10 00:00:00+00,Active,"AU, GDSS"
-119.196922000309,34.2336389996431,156,Oxnard,Ventura,34.233639,-119.196922,Inactive,2023/02/08 00:00:00+00,,"CIMIS, DWR",2023/02/09 00:00:00+00,156,SRO,48,2001/10/12 00:00:00+00,4/27/2017,"AU, GDSS"
-122.467656000307,37.9954779998248,157,Point San Pedro,Marin,37.995478,-122.467656,Active,2023/02/08 00:00:00+00,,"CIMIS, DWR",2023/02/09 00:00:00+00,157,NCRO,5,2002/10/11 00:00:00+00,Active,"AU, GDSS"
-122.658718999684,38.4194390003131,158,Bennett Valley,Sonoma,38.419439,-122.658719,Active,2023/02/08 00:00:00+00,,"CIMIS, DWR",2023/02/09 00:00:00+00,158,NCRO,270,2000/10/01 00:00:00+00,Active,"AU, GDSS"
-117.985797000193,34.1463720000653,159,Monrovia,Los Angeles,34.146372,-117.985797,Active,2023/02/08 00:00:00+00,,"CIMIS, DWR",2023/02/09 00:00:00+00,159,SRO,595,1999/10/15 00:00:00+00,Active,"AU, GDSS"
-120.735651999696,35.3352669999006,160,San Luis Obispo West,San Luis Obispo,35.335267,-120.735652,Active,2023/02/08 00:00:00+00,,"CIMIS, DWR",2023/02/09 00:00:00+00,160,SRO,285,2000/11/01 00:00:00+00,Active,"AU, GDSS"
-121.138511000221,37.438943999969,161,Patterson,Stanislaus,37.438944,-121.138511,Active,2023/02/08 00:00:00+00,,"CIMIS, DWR",2023/02/09 00:00:00+00,161,SCRO,183,1999/08/23 00:00:00+00,10/12/2017,"AU, GDSS"
-116.257999999601,33.7460000002897,162,Indio,Riverside,33.746,-116.258,Inactive,2023/02/08 00:00:00+00,,"CIMIS, DWR",2023/02/09 00:00:00+00,162,SRO,40,1999/12/24 00:00:00+00,2/26/2006,"AU, GDSS"
-120.648142000049,35.4725559996446,163,Atascadero,San Luis Obispo,35.472556,-120.648142,Active,2023/02/08 00:00:00+00,,"CIMIS, DWR",2023/02/09 00:00:00+00,163,SRO,885,2000/11/21 00:00:00+00,Active,"AU, GDSS"
-122.499000000133,38.3119999999643,164,Valley of the Moon,Sonoma,38.312,-122.499,Inactive,2023/02/08 00:00:00+00,,"CIMIS, DWR",2023/02/09 00:00:00+00,164,NCRO,155,2000/04/01 00:00:00+00,12/18/2001,"AU, GDSS"
-120.212736000124,34.841878000221,165,Sisquoc,Santa Barbara,34.841878,-120.212736,Active,2023/02/08 00:00:00+00,,"CIMIS, DWR",2023/02/09 00:00:00+00,165,SRO,536,2000/04/26 00:00:00+00,Active,"AU, GDSS"
-121.38632299975,38.1296409998809,166,Lodi West,San Joaquin,38.129641,-121.386323,Inactive,2023/02/08 00:00:00+00,,"CIMIS, DWR",2023/02/09 00:00:00+00,166,NCRO,11,2000/09/13 00:00:00+00,3/20/2015,"AU, GDSS"
-121.475517000093,37.7258810000954,167,Tracy,San Joaquin,37.725881,-121.475517,Inactive,2023/02/08 00:00:00+00,,"CIMIS, DWR",2023/02/09 00:00:00+00,167,NCRO,82,2001/09/01 00:00:00+00,5/31/2017,"AU, GDSS"
-120.779285000219,37.5529219999183,168,Denair,Stanislaus,37.552922,-120.779285,Inactive,2023/02/08 00:00:00+00,,"CIMIS, DWR",2023/02/09 00:00:00+00,168,SCRO,140,2002/08/28 00:00:00+00,4/9/2009,"AU, GDSS"
-119.093177999886,36.0822720003091,169,Porterville,Tulare,36.082272,-119.093178,Active,2023/02/08 00:00:00+00,,"CIMIS, DWR",2023/02/09 00:00:00+00,169,SCRO,400,2000/08/02 00:00:00+00,Active,"AU, GDSS"
-122.020277999877,38.0153720002385,170,Concord,Contra Costa,38.015372,-122.020278,Active,2023/02/08 00:00:00+00,,"CIMIS, DWR",2023/02/09 00:00:00+00,170,NCRO,35,2001/04/06 00:00:00+00,Active,"AU, GDSS"
-122.053232999706,37.5987580001253,171,Union City,Alameda,37.598758,-122.053233,Active,2023/02/08 00:00:00+00,,"CIMIS, DWR",2023/02/09 00:00:00+00,171,NCRO,16,2001/02/05 00:00:00+00,Active,"AU, GDSS"
-119.748999999967,35.7339999999652,172,Lost Hills NW,Kern,35.734,-119.749,Inactive,2023/02/08 00:00:00+00,,"CIMIS, DWR",2023/02/09 00:00:00+00,172,SCRO,225,2000/07/26 00:00:00+00,7/1/2003,"AU, GDSS"
-117.250457999658,32.9018670002366,173,Torrey Pines,San Diego,32.901867,-117.250458,Active,2023/02/08 00:00:00+00,,"CIMIS, DWR",2023/02/09 00:00:00+00,173,SRO,335,2000/11/29 00:00:00+00,Active,"AU, GDSS"
-118.094792000202,33.7986969997507,174,Long Beach,Los Angeles,33.798697,-118.094792,Active,2023/02/08 00:00:00+00,,"CIMIS, DWR",2023/02/09 00:00:00+00,174,SRO,17,2000/09/22 00:00:00+00,Active,"AU, GDSS"
-114.719384999843,33.3830700001746,175,Palo Verde II,Imperial,33.38307,-114.719385,Active,2023/02/08 00:00:00+00,,"CIMIS, DWR",2023/02/09 00:00:00+00,175,SRO,230,2001/01/11 00:00:00+00,Active,"AU, GDSS"
-116.305999999978,33.6859999999034,176,La Quinta,Riverside,33.686,-116.306,Inactive,2023/02/08 00:00:00+00,,"CIMIS, DWR",2023/02/09 00:00:00+00,176,SRO,42,2000/11/10 00:00:00+00,9/26/2006,"AU, GDSS"
-121.812999999991,36.9000000002507,177,Watsonville West,Santa Cruz,36.9,-121.813,Inactive,2023/02/08 00:00:00+00,,"CIMIS, DWR",2023/02/09 00:00:00+00,177,SCRO,212,2000/11/30 00:00:00+00,3/22/2006,"AU, GDSS"
-122.140739000053,37.8376139997134,178,Moraga,Contra Costa,37.837614,-122.140739,Active,2023/02/08 00:00:00+00,,"CIMIS, DWR",2023/02/09 00:00:00+00,178,NCRO,510,2002/02/27 00:00:00+00,Active,"AU, GDSS"
-117.093382999805,33.6633249999242,179,Winchester,Riverside,33.663325,-117.093383,Active,2023/02/08 00:00:00+00,,"CIMIS, DWR",2023/02/09 00:00:00+00,179,SRO,1452,2002/02/07 00:00:00+00,Active,"AU, GDSS"
-115.802999999699,33.1240000000785,180,Westmorland West,Imperial,33.124,-115.803,Inactive,2023/02/08 00:00:00+00,,"CIMIS, DWR",2023/02/09 00:00:00+00,180,SRO,-218,2001/11/08 00:00:00+00,7/21/2003,"AU, GDSS"
-115.685700000329,33.0807329998204,181,Westmorland North,Imperial,33.080733,-115.6857,Active,2023/02/08 00:00:00+00,,"CIMIS, DWR",2023/02/09 00:00:00+00,181,SRO,-200,2004/04/01 00:00:00+00,Active,"AU, GDSS"
-119.255845999631,35.833058999648,182,Delano,Tulare,35.833059,-119.255846,Active,2023/02/08 00:00:00+00,,"CIMIS, DWR",2023/02/09 00:00:00+00,182,SCRO,300,2002/03/21 00:00:00+00,Active,"AU, GDSS"
-117.919428000053,36.4884679999412,183,Owens Lake North,Inyo,36.488468,-117.919428,Active,2023/02/08 00:00:00+00,,"CIMIS, DWR",2023/02/09 00:00:00+00,183,SRO,3558,2002/12/16 00:00:00+00,Active,"AU, GDSS"
-117.139487999598,32.7294799999492,184,San Diego II,San Diego,32.72948,-117.139488,Active,2023/02/08 00:00:00+00,,"CIMIS, DWR",2023/02/09 00:00:00+00,184,SRO,255,2002/03/01 00:00:00+00,Active,"AU, GDSS"
-115.196999999886,32.4109999999536,185,UC-Mex,Imperial,32.411,-115.197,Inactive,2023/02/08 00:00:00+00,,"CIMIS, DWR",2023/02/09 00:00:00+00,185,SRO,39,2002/01/18 00:00:00+00,8/28/2002,"AU, GDSS"
-114.826163999776,32.4926580000828,186,UC-San Luis,Imperial,32.492658,-114.826164,Inactive,2023/02/08 00:00:00+00,,"CIMIS, DWR",2023/02/09 00:00:00+00,186,SRO,93,2002/04/16 00:00:00+00,1/25/2016,"AU, GDSS"
-122.526702999653,38.090933000332,187,Black Point ,Marin,38.090933,-122.526703,Active,2023/02/08 00:00:00+00,,"CIMIS, DWR",2023/02/09 00:00:00+00,187,NCRO,1,2003/06/01 00:00:00+00,Active,"AU, GDSS"
-120.148802000343,37.0167600003154,188,Madera II,Madera,37.01676,-120.148802,Inactive,2023/02/08 00:00:00+00,,"CIMIS, DWR",2023/02/09 00:00:00+00,188,SCRO,242,2013/03/27 00:00:00+00,6/23/2018,"AU, GDSS"
-117.943869000282,36.3586279999426,189,Owens Lake South,Inyo,36.358628,-117.943869,Active,2023/02/08 00:00:00+00,,"CIMIS, DWR",2023/02/09 00:00:00+00,189,SRO,3564,2003/04/01 00:00:00+00,Active,"AU, GDSS"
-120.229850000434,36.3820280001202,190,Five Points South West,Fresno,36.382028,-120.22985,Inactive,2023/02/08 00:00:00+00,,"CIMIS, DWR",2023/02/09 00:00:00+00,190,SCRO,270,2003/07/02 00:00:00+00,12/4/2019,"AU, GDSS"
-121.885033000168,37.6639689999477,191,Pleasanton,Alameda,37.663969,-121.885033,Active,2023/02/08 00:00:00+00,,"CIMIS, DWR",2023/02/09 00:00:00+00,191,NCRO,335,2004/05/01 00:00:00+00,Active,"AU, GDSS"
-117.218462999729,34.2559799999999,192,Lake Arrowhead,San Bernardino,34.25598,-117.218463,Active,2023/02/08 00:00:00+00,,"CIMIS, DWR",2023/02/09 00:00:00+00,192,SRO,5148,2004/03/20 00:00:00+00,Active,"AU, GDSS"
-121.934847000038,36.6332400003352,193,Pacific Grove,Monterey,36.63324,-121.934847,Active,2023/02/08 00:00:00+00,,"CIMIS, DWR",2023/02/09 00:00:00+00,193,SCRO,38,2011/10/26 00:00:00+00,Active,"AU, GDSS"
-120.852100999845,37.7207390002751,194,Oakdale,Stanislaus,37.720739,-120.852101,Active,2023/02/08 00:00:00+00,,"CIMIS, DWR",2023/02/09 00:00:00+00,194,SCRO,183,2004/11/02 00:00:00+00,Active,"AU, GDSS"
-121.102907999599,38.8876030002211,195,Auburn,Placer,38.887603,-121.102908,Active,2023/02/08 00:00:00+00,,"CIMIS, DWR",2023/02/09 00:00:00+00,195,NCRO,935,2005/02/16 00:00:00+00,Active,"AU, GDSS"
-122.013807999926,38.6917859996973,196,Esparto,Yolo,38.691786,-122.013808,Inactive,2023/02/08 00:00:00+00,,"CIMIS, DWR",2023/02/09 00:00:00+00,196,NCRO,174,2005/04/15 00:00:00+00,7/15/2017,"AU, GDSS"
-118.03249199999,34.6149810002004,197,Palmdale,Los Angeles,34.614981,-118.032492,Active,2023/02/08 00:00:00+00,,"CIMIS, DWR",2023/02/09 00:00:00+00,197,SRO,2550,2005/04/06 00:00:00+00,Active,"AU, GDSS"
-119.104875000031,34.3246389997803,198,Santa Paula,Ventura,34.324639,-119.104875,Active,2023/02/08 00:00:00+00,,"CIMIS, DWR",2023/02/09 00:00:00+00,198,SRO,218,2005/03/30 00:00:00+00,Active,"AU, GDSS"
-116.865853000166,34.2376450000831,199,Big Bear Lake,San Bernardino,34.237645,-116.865853,Active,2023/02/08 00:00:00+00,,"CIMIS, DWR",2023/02/09 00:00:00+00,199,SRO,6910,2005/07/19 00:00:00+00,Active,"AU, GDSS"
-116.252903000002,33.7485860000958,200,Indio II,Riverside,33.748586,-116.252903,Active,2023/02/08 00:00:00+00,,"CIMIS, DWR",2023/02/09 00:00:00+00,200,SRO,40,2006/05/16 00:00:00+00,Active,"AU, GDSS"
-115.044380999575,32.6743530002576,201,UC-Andrade,Imperial,32.674353,-115.044381,Inactive,2023/02/08 00:00:00+00,,"CIMIS, DWR",2023/02/09 00:00:00+00,201,SRO,120,2006/01/01 00:00:00+00,10/1/2015,"AU, GDSS"
-120.560033000177,35.028281000264,202,Nipomo,San Luis Obispo,35.028281,-120.560033,Active,2023/02/08 00:00:00+00,,"CIMIS, DWR",2023/02/09 00:00:00+00,202,SRO,255,2006/06/27 00:00:00+00,Active,"AU, GDSS"
-119.503699999891,35.8625690001808,203,Alpaugh,Tulare,35.862569,-119.5037,Active,2023/02/08 00:00:00+00,,"CIMIS, DWR",2023/02/09 00:00:00+00,203,SCRO,210,2006/07/11 00:00:00+00,11/16/2017,"AU, GDSS"
-118.517582999914,34.4263609997791,204,Santa Clarita,Los Angeles,34.426361,-118.517583,Active,2023/02/08 00:00:00+00,,"CIMIS, DWR",2023/02/09 00:00:00+00,204,SRO,1410,2006/12/04 00:00:00+00,Active,"AU, GDSS"
-120.360269999632,36.1758329998449,205,Coalinga,Fresno,36.175833,-120.36027,Active,2023/02/08 00:00:00+00,,"CIMIS, DWR",2023/02/09 00:00:00+00,205,SCRO,730,2010/03/25 00:00:00+00,Active,"AU, GDSS"
-120.754530999995,37.5458689999794,206,Denair II,Stanislaus,37.545869,-120.754531,Active,2023/02/08 00:00:00+00,,"CIMIS, DWR",2023/02/09 00:00:00+00,206,SCRO,150,2009/04/09 00:00:00+00,Active,"AU, GDSS"
-116.365049999696,33.2684469998841,207,Borrego Springs ,San Diego,33.268447,-116.36505,Active,2023/02/08 00:00:00+00,,"CIMIS, DWR",2023/02/09 00:00:00+00,207,SRO,578,2008/01/04 00:00:00+00,Active,"AU, GDSS"
-116.272921000301,33.678150999844,208,La Quinta II,Riverside,33.678151,-116.272921,Active,2023/02/08 00:00:00+00,,"CIMIS, DWR",2023/02/09 00:00:00+00,208,SRO,36,2007/02/06 00:00:00+00,Active,"AU, GDSS"
-121.823497000037,36.9131660003132,209,Watsonville West II,Santa Cruz,36.913166,-121.823497,Active,2023/02/08 00:00:00+00,,"CIMIS, DWR",2023/02/09 00:00:00+00,209,SCRO,305,2007/06/13 00:00:00+00,Active,"AU, GDSS"
-121.882095999669,36.5409419999645,210,Carmel,Monterey,36.540942,-121.882096,Active,2023/02/08 00:00:00+00,,"CIMIS, DWR",2023/02/09 00:00:00+00,210,SCRO,75,2008/07/22 00:00:00+00,Active,"AU, GDSS"
-121.537043000178,37.0150260001625,211,Gilroy,Santa Clara,37.015026,-121.537043,Active,2023/02/08 00:00:00+00,,"CIMIS, DWR",2023/02/09 00:00:00+00,211,SCRO,185,2009/09/01 00:00:00+00,Active,"AU, GDSS"
-121.740988999555,38.2779720001725,212,Hastings Tract East,Solano,38.277972,-121.740989,Active,2023/02/08 00:00:00+00,,"CIMIS, DWR",2023/02/09 00:00:00+00,212,NCRO,7,2009/10/20 00:00:00+00,Active,"AU, GDSS"
-122.302713999862,37.9315469997063,213,El Cerrito,Contra Costa,37.931547,-122.302714,Active,2023/02/08 00:00:00+00,,"CIMIS, DWR",2023/02/09 00:00:00+00,213,NCRO,596,2013/09/24 00:00:00+00,Active,"AU, GDSS"
-121.537886999727,36.6256260002842,214,Salinas South II,Monterey,36.625626,-121.537887,Active,2023/02/08 00:00:00+00,,"CIMIS, DWR",2023/02/09 00:00:00+00,214,SCRO,153,2013/05/17 00:00:00+00,Active,"AU, GDSS"
-118.570043999856,34.2913309998413,215,Chatsworth,Los Angeles,34.291331,-118.570044,Active,2023/02/08 00:00:00+00,,"CIMIS, DWR",2023/02/09 00:00:00+00,215,SRO,1536,2011/09/06 00:00:00+00,Active,"AU, GDSS"
-118.382904999744,34.2561500000355,216,Arleta,Los Angeles,34.25615,-118.382905,Active,2023/02/08 00:00:00+00,,"CIMIS, DWR",2023/02/09 00:00:00+00,216,SRO,980,2011/09/08 00:00:00+00,Active,"AU, GDSS"
-118.849318999934,34.2690310001018,217,Moorpark,Ventura,34.269031,-118.849319,Active,2023/02/08 00:00:00+00,,"CIMIS, DWR",2023/02/09 00:00:00+00,217,SRO,718,2014/07/03 00:00:00+00,Active,"AU, GDSS"
-116.158761000022,33.5957360002578,218,Thermal South,Riverside,33.595736,-116.158761,Active,2023/02/08 00:00:00+00,,"CIMIS, DWR",2023/02/09 00:00:00+00,218,SRO,-146,2010/01/30 00:00:00+00,Active,"AU, GDSS"
-118.644769000309,34.2141970001101,219,West Hills,Los Angeles,34.214197,-118.644769,Active,2023/02/08 00:00:00+00,,"CIMIS, DWR",2023/02/09 00:00:00+00,219,SRO,926,2011/09/06 00:00:00+00,Active,"AU, GDSS"
-118.127464000173,34.5923099996958,220,Palmdale Central,Los Angeles,34.59231,-118.127464,Active,2023/02/08 00:00:00+00,,"CIMIS, DWR",2023/02/09 00:00:00+00,220,SRO,2630,2011/03/23 00:00:00+00,Active,"AU, GDSS"
-115.510556000288,34.5136110003076,221,Cadiz Valley,San Bernardino,34.513611,-115.510556,Active,2023/02/08 00:00:00+00,,"CIMIS, DWR",2023/02/09 00:00:00+00,221,SRO,797,2010/11/01 00:00:00+00,Active,"AU, GDSS"
-122.155750000266,40.0287779999358,222,Gerber South,Tehama,40.028778,-122.15575,Active,2023/02/08 00:00:00+00,,"CIMIS, DWR",2023/02/09 00:00:00+00,222,NRO,246,2014/08/13 00:00:00+00,Active,"AU, GDSS"
-118.366320000236,34.1429110000859,223,North Hollywood,Los Angeles,34.142911,-118.36632,Inactive,2023/02/08 00:00:00+00,,"CIMIS, DWR",2023/02/09 00:00:00+00,223,SRO,570,2018/01/30 00:00:00+00,Active,"AU, GDSS"
-122.310886999878,40.6254989999888,224,Shasta College,Shasta,40.625499,-122.310887,Active,2023/02/08 00:00:00+00,,"CIMIS, DWR",2023/02/09 00:00:00+00,224,NRO,592,2013/01/01 00:00:00+00,Active,"AU, GDSS"
-122.838124999996,41.5777779998711,225,Scott Valley,Siskiyou,41.577778,-122.838125,Active,2023/02/08 00:00:00+00,,"CIMIS, DWR",2023/02/09 00:00:00+00,225,NRO,2733,2015/04/01 00:00:00+00,Active,"AU, GDSS"
-121.811722000074,38.6727219997261,226,Woodland,Yolo,38.672722,-121.811722,Active,2023/02/08 00:00:00+00,,"CIMIS, DWR",2023/02/09 00:00:00+00,226,NCRO,82,2011/05/12 00:00:00+00,Active,"AU, GDSS"
-120.799720000269,38.5083329997037,227,Plymouth,Amador,38.508333,-120.79972,Active,2023/02/08 00:00:00+00,,"CIMIS, DWR",2023/02/09 00:00:00+00,227,NCRO,1520,2010/11/01 00:00:00+00,Active,"AU, GDSS"
-120.793056000149,38.6361109997055,228,Diamond Springs,El Dorado,38.636111,-120.793056,Active,2023/02/08 00:00:00+00,,"CIMIS, DWR",2023/02/09 00:00:00+00,228,NCRO,2050,2010/09/29 00:00:00+00,Active,"AU, GDSS"
-121.78649900022,36.5701009997209,229,Laguna Seca,Monterey,36.570101,-121.786499,Active,2023/02/08 00:00:00+00,,"CIMIS, DWR",2023/02/09 00:00:00+00,229,SCRO,320,2011/10/24 00:00:00+00,Active,"AU, GDSS"
-119.71499999985,34.4055560001796,230,Santa Barbara II,Santa Barbara,34.405556,-119.715,Inactive,2023/02/08 00:00:00+00,,"CIMIS, DWR",2023/02/09 00:00:00+00,230,SRO,440,2011/01/10 00:00:00+00,1/23/2018,"AU, GDSS"
-120.513056000348,34.6722220001896,231,Lompoc,Santa Barbara,34.672222,-120.513056,Active,2023/02/08 00:00:00+00,,"CIMIS, DWR",2023/02/09 00:00:00+00,231,SRO,55,2010/07/14 00:00:00+00,Active,"AU, GDSS"
-120.464778000137,34.9134719997091,232,Santa Maria II,Santa Barbara,34.913472,-120.464778,Active,2023/02/08 00:00:00+00,,"CIMIS, DWR",2023/02/09 00:00:00+00,232,SRO,215,2011/04/01 00:00:00+00,Active,"AU, GDSS"
-116.213508000359,34.1381040003541,233,Joshua Tree ,San Bernardino,34.138104,-116.213508,Active,2023/02/08 00:00:00+00,,"CIMIS, DWR",2023/02/09 00:00:00+00,233,SRO,2479,2011/12/01 00:00:00+00,Active,"AU, GDSS"
-116.810247000211,34.8834720001528,234,Newberry Springs II,San Bernardino,34.883472,-116.810247,Inactive,2023/02/08 00:00:00+00,,"CIMIS, DWR",2023/02/09 00:00:00+00,234,SRO,1930,2015/02/25 00:00:00+00,11/29/2020,"AU, GDSS"
-121.611361000027,38.7979439999266,235,Verona,Sutter,38.797944,-121.611361,Active,2023/02/08 00:00:00+00,,"CIMIS, DWR",2023/02/09 00:00:00+00,235,NCRO,24,2012/05/18 00:00:00+00,Active,"AU, GDSS"
-121.996158999863,41.8024760002799,236,Macdoel II,Siskiyou,41.802476,-121.996159,Active,2023/02/08 00:00:00+00,,"CIMIS, DWR",2023/02/09 00:00:00+00,236,NRO,4265,2015/04/16 00:00:00+00,Active,"AU, GDSS"
-117.04330199997,33.552810000264,237,Temecula East III,Riverside,33.55281,-117.043302,Active,2023/02/08 00:00:00+00,,"CIMIS, DWR",2023/02/09 00:00:00+00,237,SRO,1530,2012/11/01 00:00:00+00,Active,"AU, GDSS"
-117.171325000241,33.8999139996942,238,Moreno Valley,Riverside,33.899914,-117.171325,Inactive,2023/02/08 00:00:00+00,,"CIMIS, DWR",2023/02/09 00:00:00+00,238,SRO,1604,2013/04/19 00:00:00+00,4/24/2018,"AU, GDSS"
-116.955121000128,33.6647469998705,239,Hemet,Riverside,33.664747,-116.955121,Active,2023/02/08 00:00:00+00,,"CIMIS, DWR",2023/02/09 00:00:00+00,239,SRO,1768,2015/01/22 00:00:00+00,Active,"AU, GDSS"
-117.197142000297,33.7563080001753,240,Perris - Menifee,Riverside,33.756308,-117.197142,Active,2023/02/08 00:00:00+00,,"CIMIS, DWR",2023/02/09 00:00:00+00,240,SRO,1421,2013/05/25 00:00:00+00,Active,"AU, GDSS"
-117.586496999957,33.4624049996975,241,San Clemente,Orange,33.462405,-117.586497,Active,2023/02/08 00:00:00+00,,"CIMIS, DWR",2023/02/09 00:00:00+00,241,SRO,224,2015/07/28 00:00:00+00,Active,"AU, GDSS"
-121.510339000018,38.1923859999945,242,Staten Island,San Joaquin,38.192386,-121.510339,Active,2023/02/08 00:00:00+00,,"CIMIS, DWR",2023/02/09 00:00:00+00,242,NCRO,-10,2015/11/05 00:00:00+00,Active,"AU, GDSS"
-121.555528000292,38.2496220000283,243,Ryde,Sacramento,38.249622,-121.555528,Active,2023/02/08 00:00:00+00,,"CIMIS, DWR",2023/02/09 00:00:00+00,243,NCRO,-10,2015/12/16 00:00:00+00,Active,"AU, GDSS"
-121.835262999779,39.3866319998194,244,Biggs,Butte,39.386632,-121.835263,Active,2023/02/08 00:00:00+00,,"CIMIS, DWR",2023/02/09 00:00:00+00,244,NRO,72,2015/06/18 00:00:00+00,Active,"AU, GDSS"
-117.585277999591,33.6216670003142,245,Coto de Caza,Orange,33.621667,-117.585278,Active,2023/02/08 00:00:00+00,,"CIMIS, DWR",2023/02/09 00:00:00+00,245,SRO,846,2015/10/07 00:00:00+00,Active,"AU, GDSS"
-119.791929999609,38.7734089998147,246,Markleeville,Alpine,38.773409,-119.79193,Active,2023/02/08 00:00:00+00,,"CIMIS, DWR",2023/02/09 00:00:00+00,246,NCRO,5517,2014/06/13 00:00:00+00,Active,"AU, GDSS"
-121.701246999583,38.0333859999725,247,Jersey Island,Contra Costa,38.033386,-121.701247,Active,2023/02/08 00:00:00+00,,"CIMIS, DWR",2023/02/09 00:00:00+00,247,NCRO,-12,2016/07/01 00:00:00+00,Active,"AU, GDSS"
-121.397460999854,37.9321800002176,248,Holt,San Joaquin,37.93218,-121.397461,Active,2023/02/08 00:00:00+00,,"CIMIS, DWR",2023/02/09 00:00:00+00,248,NCRO,-3,2016/07/01 00:00:00+00,Active,"AU, GDSS"
-121.266152999827,37.755597000104,249,Ripon,San Joaquin,37.755597,-121.266153,Active,2023/02/08 00:00:00+00,,"CIMIS, DWR",2023/02/09 00:00:00+00,249,NCRO,20,2016/07/01 00:00:00+00,Active,"AU, GDSS"
-122.16888900036,39.2106669997824,250,Williams,Colusa,39.210667,-122.168889,Active,2023/02/08 00:00:00+00,,"CIMIS, DWR",2023/02/09 00:00:00+00,250,NRO,69,2016/08/09 00:00:00+00,Active,"AU, GDSS"
-117.185700000419,34.1120419999231,251,Highland,San Bernardino,34.112042,-117.1857,Active,2023/02/08 00:00:00+00,,"CIMIS, DWR",2023/02/09 00:00:00+00,251,SRO,1275,2016/10/10 00:00:00+00,Active,"AU, GDSS"
-121.344388000167,36.4567279997201,252,Soledad II,Monterey,36.456728,-121.344388,Active,2023/02/08 00:00:00+00,,"CIMIS, DWR",2023/02/09 00:00:00+00,252,SCRO,214,2016/09/03 00:00:00+00,Active,"AU, GDSS"
-122.37080000031,37.2553330002302,253,Pescadero,San Mateo,37.255333,-122.3708,Active,2023/02/08 00:00:00+00,,"CIMIS, DWR",2023/02/09 00:00:00+00,253,NCRO,47,2017/08/24 00:00:00+00,Active,"AU, GDSS"
-122.197110999738,37.718167000292,254,Oakland Metro,Alameda,37.718167,-122.197111,Active,2023/02/08 00:00:00+00,,"CIMIS, DWR",2023/02/09 00:00:00+00,254,NCRO,14,2018/03/12 00:00:00+00,Active,"AU, GDSS"
-117.656528000319,33.9853500003223,255,Chino,San Bernardino,33.98535,-117.656528,Active,2023/02/08 00:00:00+00,,"CIMIS, DWR",2023/02/09 00:00:00+00,255,SRO,637,2018/03/08 00:00:00+00,Active,"AU, GDSS"
-117.991996999807,34.7594749996768,256,Lancaster,Los Angeles,34.759475,-117.991997,Active,2023/02/08 00:00:00+00,,"CIMIS, DWR",2023/02/09 00:00:00+00,256,SRO,2340,2018/07/26 00:00:00+00,Active,"AU, GDSS"
-117.636925000121,35.6591279997578,257,Ridgecrest,Kern,35.659128,-117.636925,Active,2023/02/08 00:00:00+00,,"CIMIS, DWR",2023/02/09 00:00:00+00,257,SRO,2234,2018/10/10 00:00:00+00,Active,"AU, GDSS"
-119.037971999964,36.3769170000555,258,Lemon Cove,Tulare,36.376917,-119.037972,Active,2023/02/08 00:00:00+00,,"CIMIS, DWR",2023/02/09 00:00:00+00,258,SCRO,498,2018/11/15 00:00:00+00,Active,"AU, GDSS"
-124.243186000413,40.6044670001776,259,Ferndale Plain,Humboldt,40.604467,-124.243186,Active,2023/02/08 00:00:00+00,,"CIMIS, DWR",2023/02/09 00:00:00+00,259,NRO,21,2019/08/05 00:00:00+00,Active,"AU, GDSS"
-122.463424999998,41.7983310001427,260,Montague,Siskiyou,41.798331,-122.463425,Active,2023/02/08 00:00:00+00,,"CIMIS, DWR",2023/02/09 00:00:00+00,260,NRO,2663,2019/09/20 00:00:00+00,Active,"AU, GDSS"
-122.532278999826,41.5339890002919,261,Gazelle,Siskiyou,41.533989,-122.532279,Active,2023/02/08 00:00:00+00,,"CIMIS, DWR",2023/02/09 00:00:00+00,261,NRO,2743,2019/09/18 00:00:00+00,Active,"AU, GDSS"
-121.071747000071,38.065689999789,262,Linden,San Joaquin,38.06569,-121.071747,Active,2023/02/08 00:00:00+00,,"CIMIS, DWR",2023/02/09 00:00:00+00,262,NCRO,111,2020/02/26 00:00:00+00,Active,"AU, GDSS"
-124.165039999762,41.894592000072,263,Smith River ,Del Norte ,41.894592,-124.16504,Active,2023/02/08 00:00:00+00,,"CIMIS, DWR",2023/02/09 00:00:00+00,263,NRO,22,2020/10/07 00:00:00+00,Active,"AU, GDSS"
-120.273608999557,39.7774519997458,264,Sierra Valley Center,Plumas,39.777452,-120.273609,Active,2023/02/08 00:00:00+00,,"CIMIS, DWR",2023/02/09 00:00:00+00,264,NRO,4898,2020/10/28 00:00:00+00,Active,"AU, GDSS"
-120.64854999958,35.6922660000718,265,Paso Robles,San Luis Obispo,35.692266,-120.64855,Active,2023/02/08 00:00:00+00,,"CIMIS, DWR",2023/02/09 00:00:00+00,265,SRO,764,2022/03/01 00:00:00+00,Active,"AU, GDSS"
-120.403228999588,35.6437869998622,266,Shandon,San Luis Obispo,35.643787,-120.403229,Active,2023/02/08 00:00:00+00,,"CIMIS, DWR",2023/02/09 00:00:00+00,266,SRO,1105,2022/08/01 00:00:00+00,Active,"AU, GDSS"
-120.559397000143,40.3645780001501,267,Johnstonville,Lassen,40.364578,-120.559397,Active,2023/02/08 00:00:00+00,,"CIMIS, DWR",2023/02/09 00:00:00+00,267,NRO,4112,2022/04/27 00:00:00+00,Active,"AU, GDSS"
